Longitude,Latitude,Water_Level
-78.31754009468352,41.97516738221719,515.224
-78.3467481294669,41.99836076208311,443.11984
-78.61733229433128,42.02681427670095,441.5768
-78.34581261084905,42.0208531971768,428.85324
-78.31564893401877,42.02015125774428,459.30716
-78.37505138335763,42.04404009327213,454.98334
-78.34487602466157,42.04334552682022,425.99155
-78.97805018906668,42.07876868023033,524.85657
-78.91764131915936,42.077688013287194,455.07355
-78.88743813827011,42.07713576462437,404.74054
-78.70623737468418,42.07365550006655,485.3737
-78.43449948752139,42.06789929218214,440.0811
-79.03776860846307,42.102320654532946,428.79373
-78.97733514509419,42.10127094253151,388.7063
-78.94711963265154,42.1007341601667,442.6832
-78.88669110706459,42.09963674576028,410.66998
-78.85647811823988,42.09907611496621,405.72562
-78.79605474931064,42.09793100938275,441.8245
-78.64501211156629,42.09492918624107,419.09094
-78.61480638711134,42.094304988335736,420.77042
-78.55439783841416,42.09303276486799,423.86676
-78.49399323755878,42.09172877602369,436.6557
-78.46379244789672,42.091064871431364,468.9514
-78.43359268157991,42.09039302772808,434.07205
-78.40339395073127,42.08971324567691,465.98227
-78.37319626747104,42.089025526049916,451.07697
-79.18822482191293,42.12731070340442,381.40732
-79.06730270768571,42.125336972804554,483.46597
-78.79527485122745,42.12043055304964,404.2086
-78.64417888148472,42.11742637521225,455.66528
-78.34205984652237,42.1108218827286,455.38113
-79.3992993174839,42.15296552515987,398.05264
-79.24806988263516,42.150755382607144,423.46634
-79.21782607442634,42.15028944721401,386.07803
-79.18758298763882,42.149815544076674,394.62668
-79.00614030044918,42.146804833472395,450.11465
-78.97590260541413,42.146275171739404,408.26633
-78.94566572943486,42.14573754683172,398.0821
-78.91542968470662,42.14519195936122,440.46103
-78.85496013777346,42.1440768992243,634.6661
-78.79449406213345,42.142929996404064,408.2203
-78.61311763762345,42.139298284762724,539.5835
-78.55266642162111,42.138024064849795,520.5132
-78.49221916395497,42.136718029794885,474.85858
-78.46199704990316,42.13605308344,558.96985
-78.40155591214997,42.13469933685571,441.4872
-79.4895094100615,42.17670414597703,422.93317
-79.42899032228405,42.17589118669513,398.66754
-79.39873172738518,42.175472740544215,398.5463
-79.24744873232137,42.17326086403339,376.88678
-79.09618349097154,42.17084962495874,411.68625
-79.03568270782097,42.169829323001075,420.16098
-78.94493753150131,42.16823909198191,390.24753
-78.76346998204826,42.164843489498054,411.47083
-78.73322848883164,42.1642496746384,410.668
-78.70298791339034,42.163647895518956,431.226
-78.49133060696367,42.15921250107895,498.42685
-78.46109781248863,42.15854703329617,577.2046
-78.40063531799666,42.15719222518433,443.95773
-78.37040564231916,42.15650288639637,560.7663
-78.27972304754098,42.15438714054008,547.27905
-79.64033522892574,42.201106485309175,470.88705
-79.48897335431695,42.19921223258625,455.30072
-79.45870276956339,42.19880942617056,390.26117
-79.42843281014069,42.19839863551487,398.1826
-79.36789481631612,42.197553103365834,493.562
-79.27709282194388,42.19622493534545,406.71228
-79.24682687185508,42.195766249402354,400.094
-79.21656163286407,42.195299582688186,465.7874
-79.15603333715521,42.194342309083254,435.57593
-79.12577030492253,42.19385170328346,457.71725
-79.095508032758,42.193353118894514,446.61438
-79.00472589904133,42.191809499919586,395.3467
-78.97446678950743,42.19127900694615,382.80444
-78.91395104637847,42.190194094639374,464.4719
-78.88369443723649,42.18963967654195,529.6956
-78.79292980617362,42.1879285820794,469.54166
-78.67192287904523,42.1855355202387,436.97592
-78.49044103471658,42.181706868589764,473.1578
-78.36947330794783,42.17899512936751,457.96362
-78.27875865637549,42.17687772473445,508.18784
-79.60956800412325,42.22325280058272,482.50336
-79.54900116614581,42.222502496498315,496.24832
-79.51871862501714,42.222115356462595,458.28928
-79.48843668550037,42.22172022501704,396.5956
-79.45815535987242,42.221317102612346,398.08197
-79.397594599383,42.22048688677407,493.0671
-79.18565307911346,42.21732948668414,449.91803
-79.1251048042013,42.21635549087445,387.79294
-79.06455957360983,42.21534955570959,387.55634
-79.03428813056826,42.21483461229686,409.01068
-79.00401748536359,42.21431168577696,524.0877
-78.9737476502438,42.21378077674601,476.0297
-78.94347863745489,42.21324188580915,394.9768
-78.85267665550101,42.211577327750994,535.6903
-78.82241105445247,42.211006515423676,565.86145
-78.7618825151735,42.20984095519645,450.32736
-78.64083643032711,42.2074141112361,445.49307
-78.45929625400476,42.2035346205637,517.46124
-78.42904309231074,42.20286013859689,597.87146
-78.33828991023601,42.20078887902814,502.25516
-78.27779316333152,42.1993682024756,496.24075
-79.76055429811672,42.247499143499425,235.92863
-79.69996047751619,42.24682824667417,351.0269
-79.63936877140615,42.24612534909305,489.50873
-79.48789940279467,42.24422812325478,398.05707
-79.45760732401698,42.243824684639044,405.84113
-79.42731587223845,42.24341324926038,450.22336
-79.30615658089401,42.24168754964378,387.0544
-79.09415479838334,42.23835981454003,397.20367
-78.94274793912409,42.235743134442885,439.54074
-78.8216374204621,42.23350601114033,559.79663
-78.76108742035146,42.2323395369611,455.75696
-78.63999842848756,42.22991079014433,453.3746
-78.60972854533811,42.229283649452206,501.99377
-78.30708510333805,42.22257345509099,475.2775
-78.27682656694321,42.22185857373038,458.5011
-79.79042177000093,42.270333214161006,170.43202
-79.76011332462006,42.27000951327306,174.20932
-79.72980538392659,42.26967780515443,199.80452
-79.63888471317574,42.26863464124901,416.48727
-79.51766496512815,42.26713167884208,434.01395
-79.33585368569962,42.264637126476345,392.89908
-79.3055541037076,42.26419336106496,388.0606
-79.27525521106708,42.26374159506455,443.93726
-79.24495702007597,42.26328182899081,492.68253
-79.09347702016264,42.26086301621086,438.44598
-79.06318329722218,42.26035526103776,437.85208
-78.94201640510607,42.258244284194575,499.5078
-78.76029141632752,42.25483801797013,467.84787
-78.63915946848248,42.25240736696056,459.86746
-78.4272159697028,42.247846251177876,502.5238
-78.39694240969392,42.24716272937428,468.19632
-78.30612812286225,42.245064280152604,470.24487
-78.27585886574187,42.244348838465704,470.65308
-79.78999107704536,42.29284374541927,174.10576
-79.75967184643582,42.2925197906308,174.20158
-79.72935312118766,42.29218782233372,174.12576
-79.6990349136385,42.29184784090742,174.19215
-79.63840010098102,42.29114384023038,260.01843
-79.57776750713724,42.290407791817586,350.26984
-79.5171372307582,42.289639699033216,415.4824
-79.42619637717621,42.28842748437889,461.4094
-79.36557232589833,42.28757929634323,401.8993
-79.30495093716942,42.28669907686171,399.8801
-79.24433230952532,42.28578682995606,465.9033
-79.12310373149177,42.28386627068922,383.8267
-79.00188737949829,42.2818176536353,547.28864
-78.9109836124107,42.28019717534823,438.13242
-78.6989051531044,42.27613610952253,540.4999
-78.66861187684373,42.27552397264079,468.84634
-78.21433341363083,42.26538304007533,480.8172
-79.78955989106713,42.31535418442881,174.13618
-79.75922986288998,42.31502997556089,174.16914
-79.7289003407495,42.31469774690203,174.1699
-79.69857133699978,42.314357498832095,172.16582
-79.66824286399357,42.31400923174011,176.32129
-79.63791493408227,42.313652946024256,194.44916
-79.57726075294299,42.31291632035951,243.56856
-79.5469345264107,42.31253598125274,287.2636
-79.5166088923646,42.3121476252064,374.4399
-79.48628386314881,42.31175125266442,423.46417
-79.45595945110585,42.31134686407988,488.05157
-79.36499004141531,42.31008560673912,390.25452
-79.27402663045542,42.30875222220459,433.63303
-79.1527519893633,42.30686220211203,612.862
-78.97086285890771,42.30378687009431,494.30963
-78.91023963122653,42.302697697511874,409.87393
-78.84961980891586,42.301576502146375,437.4039
-78.57687538825424,42.296134981807384,621.9476
-78.39508961688101,42.2921473515635,612.8932
-79.75878737330729,42.33754006805163,174.11841
-79.72844704192039,42.33720757884736,175.37215
-79.69810722961732,42.336867063945746,174.20906
-79.66776794876735,42.33651852373632,174.33984
-79.63742921173838,42.336161958617794,174.18022
-79.60709103089688,42.33579736899802,174.1123
-79.57675341860791,42.335424755294056,216.36722
-79.51607994914045,42.3346554573475,312.27286
-79.42507431812378,42.33344134074895,415.82724
-79.39474037673195,42.33302059181065,404.51282
-79.36440709040525,42.33259182196391,402.09897
-79.27341128533183,42.33125739192186,498.19495
-79.21275091702367,42.33032767658456,404.88168
-79.12176586406136,42.32887297124407,435.2668
-79.06111297238336,42.327863085927845,391.90573
-79.00046324407252,42.32682114057248,497.31006
-78.93981677777491,42.32574713994144,423.6985
-78.90949479869883,42.32519812042606,553.0347
-78.78821553039802,42.32292192911082,473.55157
-78.75789793691266,42.322332856219475,409.02573
-78.72758125749078,42.32173577463538,596.5892
-78.66695069007412,42.32051758812637,511.65283
-78.63663682669157,42.31989648459295,553.8524
-78.51539112902847,42.31733201859199,562.67334
-78.48508220506056,42.31667089278567,527.1998
-78.42446744369965,42.31532463525814,541.6578
-78.39416163087833,42.314639505073956,547.83215
-78.30325061122407,42.312536118252716,495.87186
-79.75834437701114,42.36005006809134,173.976
-79.72799322400721,42.359717318157784,174.08548
-79.69764259078156,42.35937653623618,174.34315
-79.66729248971993,42.359027722716554,174.17702
-79.63694293320677,42.35867087799816,174.16023
-79.60659393362508,42.35830600248937,174.1715
-79.57624550335645,42.3579330966078,174.16699
-79.45485772299185,42.356361178026255,329.9146
-79.33348004176688,42.35466080927153,404.70328
-79.30313729223377,42.35421565033941,408.1879
-79.09075814293666,42.35087484809551,430.7884
-79.06042128382467,42.350365498651506,392.28326
-78.99974995364734,42.349322736488624,445.38885
-78.96941550727642,42.34878932496216,426.5483
-78.90874911369043,42.347698444068854,418.69186
-78.87841719115704,42.34714097594925,435.88647
-78.84808613458088,42.346575490227735,480.08826
-78.81775595629728,42.3460019875508,411.45676
-78.78742666863931,42.345420468574005,411.15076
-78.72677081452113,42.3442333843889,488.59595
-78.45386681059611,42.33849488067156,483.60126
-78.30228924573794,42.33502651848281,540.35925
-79.75790087332363,42.38255997566842,174.14694
-79.72753888631556,42.382226964821406,174.14832
-79.69717741978148,42.381885915691186,174.191
-79.6668164861238,42.38153682866834,174.36882
-79.63645609774345,42.381179704152586,174.18239
-79.60609626704,42.38081454255288,174.17554
-79.57573700641159,42.38044134428735,174.15378
-79.54537832825486,42.38006010978328,173.90918
-79.51502024496497,42.37967083947723,174.23195
-79.36323918523897,42.37760396683699,452.20053
-79.27217848074831,42.37626744356636,431.16217
-79.15077415474184,42.37437297466554,421.51953
-79.12042493193717,42.37387928283161,407.24866
-79.09007647735568,42.373377562270335,408.4991
-79.05972880336614,42.372867813555764,413.31586
-79.0293819223353,42.3723500372712,425.1299
-78.9990358466279,42.371824234009026,421.03476
-78.81697699633368,42.368500882234514,384.5689
-78.78663690392379,42.36791890748534,439.6936
-78.75629771567763,42.36732891082723,477.95612
-78.72595944394007,42.36673089293491,519.4592
-78.6046157688903,42.364258622837795,519.3675
-78.54394975120758,42.36297437859807,524.6173
-78.483287744942,42.36165806934554,576.21
-78.33165092612334,42.35822705163757,523.92126
-78.21036100048524,42.355338037963044,446.2688
-79.75745686156559,42.405069790771286,174.01466
-79.72708402814965,42.404736518826354,175.10803
-79.69671171590484,42.404395202298645,172.4832
-79.66633993725009,42.40404584157921,172.95204
-79.63596870460297,42.40368843706834,174.20532
-79.60559803037964,42.40332298917549,174.11494
-79.57522792699478,42.40294949831934,174.20052
-79.54485840686165,42.40256796492776,174.33266
-79.51448948239197,42.402178389437815,174.26784
-79.4841211659959,42.40178077229579,175.11859
-79.45375347008208,42.40137511395711,205.80312
-79.36265422929598,42.40010989645381,278.6349
-79.27156101940261,42.39877232545985,384.16336
-79.18047417516105,42.39736241476132,417.6612
-79.1501133661749,42.396876371528485,463.79367
-79.11975331405294,42.3963822927155,485.4824
-79.08939403118238,42.39588017888804,404.23718
-79.05903552994856,42.39537003062095,396.05365
-78.96796483988973,42.393791385067914,409.56268
-78.93760958901477,42.39324910497414,402.4392
-78.87690163023424,42.39214045113275,373.8212
-78.84654894707188,42.391574078653974,353.37152
-78.72514714450749,42.3892283002486,452.5723
-78.66445177434305,42.3880072473782,517.641
-78.60376022339373,42.386754092797524,526.5136
-78.54307259046298,42.385468842240556,521.38745
-78.51273027411965,42.38481418280279,560.8534
-78.4823889743139,42.384151501587425,493.3187
-78.39137129749795,42.382115334899716,545.353
-78.30036321356025,42.38000700004315,485.05225
-79.7570123410565,42.427579513388395,176.18614
-79.7266286488124,42.42724598016082,174.26332
-79.69624547843787,42.42690439604644,178.21124
-79.66586284236851,42.42655476143682,174.09381
-79.63548075303848,42.42619707673275,174.1229
-79.60509922288053,42.42583134234424,174.1903
-79.57471826432601,42.42545755869049,174.15756
-79.54433788980474,42.425075726199964,178.53134
-79.51395811174507,42.424685845310286,174.15788
-79.48357894257377,42.4242879164683,174.18713
-79.45320039471606,42.42388194013008,174.16196
-79.30131740989964,42.42173136260155,269.6776
-79.27094285076075,42.42127711137844,397.72934
-79.02797291673257,42.41735356157976,402.2981
-78.99760517843553,42.41682693378041,408.91885
-78.96723826001521,42.41629226703251,486.8473
-78.93687217386515,42.415749561948374,357.93323
-78.90650693237676,42.4151988191495,362.41293
-78.87614254793925,42.41464003926653,374.22552
-78.81541639976265,42.413498370816804,375.00345
-78.7850546607908,42.412915483557214,337.21
-78.693974932896,42.41111861767489,501.3571
-78.5118412912165,42.40730803018215,509.9577
-78.48148917480884,42.40664482976528,498.70557
-78.42078804510548,42.40529434782033,568.2909
-79.72617274760533,42.44975534881306,175.75107
-79.69577870666556,42.44941349692254,174.78226
-79.66538520074738,42.44906358822879,174.26527
-79.63499224230165,42.448705623133144,174.1703
-79.60459984377778,42.448339602046126,171.11395
-79.57420801762373,42.44796552538752,174.21013
-79.54381677628598,42.44758339358631,174.18254
-79.51342613220953,42.44719320708071,174.12628
-79.48303609783778,42.44679496631814,174.21783
-79.45264668561258,42.446388671755265,174.06927
-79.42225790797416,42.44597432385797,174.13812
-79.30070939203488,42.44423640856428,265.84485
-79.27032397387528,42.44378180130534,280.15884
-79.23993926490827,42.44331914370065,398.11578
-78.99688861507192,42.43932813599036,380.51105
-78.9361339140535,42.43824991986859,361.82013
-78.87538259620601,42.437139527731865,266.7354
-78.7538905069365,42.43482223591476,243.36488
-78.63241314072268,42.43237630300976,412.1452
-78.60204619257271,42.43174472481414,476.3137
-78.48058834505026,42.429138053850025,497.94952
-78.45022643131767,42.428466300294055,520.44385
-78.38950574822344,42.42709869555493,556.5269
-78.35914700359196,42.42640284593714,521.9397
-78.20736974394536,42.42280315749593,528.4247
-79.72571632382866,42.47226462477134,172.73404
-79.6953113998714,42.47192250491493,169.96146
-79.66490701165357,42.47157232194286,172.95297
-79.63450317164272,42.47121407625695,177.13339
-79.60409989230494,42.47084776826829,174.15698
-79.57369718610488,42.47047339839721,174.31044
-79.54329506550569,42.47009096707326,174.18922
-79.51289354296902,42.46970047473522,174.1283
-79.48249263095497,42.46930192183109,174.11736
-79.45209234192203,42.46889530881815,174.05083
-79.4216926883271,42.46848063616285,174.13988
-79.39129368262543,42.46805790434093,174.17854
-79.33049766471446,42.4671882651461,199.72939
-79.23930880833042,42.465823375027156,259.2305
-79.20891395145229,42.465352298711785,313.34338
-79.17851982960532,42.46487316681795,296.69107
-79.05695094131856,42.462876094585695,364.11224
-79.02656068120216,42.46235669322586,325.98553
-78.99617123073276,42.461829239722526,342.0048
-78.90500786148428,42.46019857244469,302.5401
-78.87462177386979,42.4596389165065,228.80792
-78.84423655802482,42.45907121154036,264.5631
-78.81385222636727,42.458495458196964,266.55667
-78.78346879131271,42.45791165713619,291.2115
-78.63156549946574,42.45487195981054,429.87994
-78.60118770462408,42.454239886817355,478.7609
-78.57081089322774,42.45359977098308,579.29224
-78.47968648365891,42.45163117381272,476.20828
-78.38857137120229,42.44959021802181,525.0795
-78.26709959460516,42.446756422245755,617.64923
-79.72525937678122,42.494773808023986,168.23749
-79.69484355733755,42.49443142001163,172.28094
-79.66442827435255,42.494080962566706,178.43086
-79.63401354031048,42.49372243609157,170.75462
-79.60359936769414,42.49335584099785,176.60536
-79.5731857689849,42.49298117770638,171.05132
-79.54277275666261,42.49259844664731,174.12708
-79.51236034320566,42.49220764825998,174.1132
-79.48194854109077,42.49180878299299,174.08752
-79.45153736279319,42.4914018513042,174.16187
-79.42112682078651,42.49098685366068,174.11252
-79.39071692754264,42.490563790538786,174.15845
-79.36030769553186,42.49013266242407,174.10602
-79.3298991372227,42.489693469811314,175.42543
-79.29949126508194,42.489246213204595,196.3473
-79.2690840915746,42.48879089311718,207.49236
-79.2386776291639,42.48832751007155,227.23593
-79.17786688747589,42.48737655724182,258.42456
-79.05625448543157,42.48537792009834,234.41914
-78.96505352230547,42.483794320321906,264.7438
-78.93465485591548,42.48325033846152,320.64005
-78.90425703758855,42.482698299999214,313.01987
-78.8434639948775,42.48157005581056,266.05173
-78.72188863337517,42.47921691668471,380.32095
-78.56994056406148,42.47609432884227,515.0884
-78.5395538920696,42.47544566317254,567.8115
-78.47878358925284,42.47412418962434,455.91495
-78.41801742402873,42.4727705315279,551.5878
-78.32687615118097,42.4706797119677,560.3642
-78.29649790314048,42.4699666866549,640.28955
-79.7248019057605,42.517282898559344,171.74063
-79.69437517834479,42.51694024220073,173.11574
-79.66394898810836,42.51658951008816,179.05229
-79.63352334755226,42.51623070262451,177.40831
-79.603098269176,42.51586382022194,175.02179
-79.57267376547772,42.515488863301876,172.57745
-79.54224984895399,42.51510583229497,174.21744
-79.51182653209992,42.51471472764118,174.12675
-79.481403827409,42.51431554978968,174.1966
-79.45098174737319,42.513908299198924,174.13947
-79.4205603044828,42.51349297633662,174.12865
-79.39013951122648,42.51306958167971,174.2203
-79.3597193800912,42.512638115714374,174.19948
-79.32929992356222,42.51219857893611,174.15335
-79.29888115412304,42.51175097184957,174.15416
-79.26846308425534,42.51129529496872,189.16957
-79.20762909315228,42.51035973392608,218.46736
-79.14679805006983,42.509391900104546,239.5224
-79.02514520708013,42.507359432049356,231.46278
-78.99473399472305,42.50683115167171,252.63063
-78.96432360664944,42.50629480714726,257.95663
-78.93391405531929,42.50575039909153,267.79733
-78.90350535319041,42.50519792812927,224.87613
-78.87309751271837,42.504637394894445,278.54465
-78.78187928576573,42.50290742803234,287.81525
-78.75147501643195,42.502314652231135,434.39166
-78.69066926190823,42.50110492442431,415.5762
-78.66026780159926,42.50048797380637,397.59872
-78.62986730250883,42.49986296631918,346.75427
-78.59946777707128,42.4992299026796,351.17462
-78.5690692377184,42.49858878361365,412.75684
-78.50827516698115,42.49728238215279,491.50946
-78.47787966044751,42.496617101255914,435.72668
-78.35630811634753,42.493875461131154,531.61615
-78.3259179129043,42.49316992589442,563.94525
-78.26514081197952,42.49173471080303,546.6103
-78.20436820168813,42.490267308386024,554.8465
-79.69390626217246,42.53944897147036,166.92165
-79.66346915218364,42.539097964495035,170.54263
-79.63303259261393,42.53873887584329,176.38518
-79.60259659597966,42.53837170592782,176.69844
-79.5721611747957,42.53799645517059,171.79547
-79.54172634157545,42.537613124002846,170.60675
-79.51129210883074,42.5372217128651,176.03587
-79.48085848907186,42.53682222220711,174.11989
-79.4504254948075,42.536414652487935,174.17406
-79.41999313854474,42.5359990041759,174.15631
-79.38956143278898,42.53557527774855,174.12906
-79.35913039004396,42.53514347369275,174.17625
-79.32870002281165,42.53470359250458,174.18027
-79.2982703435923,42.534255634689416,174.16858
-79.26784136488438,42.53379960076186,174.13258
-79.23741309918448,42.53333549124578,174.18546
-79.11570741633257,42.53139830809756,230.46404
-78.9635928542496,42.52879519513564,209.47859
-78.90275280713504,42.52769745681314,406.32162
-78.78108316641745,42.52540516241512,385.15955
-78.72025377227978,42.52421061686532,419.12878
-78.65942812853737,42.522983813011415,413.80917
-78.62901674420264,42.52235831597455,438.03665
-78.59860633482768,42.52172475648507,411.104
-78.56819691286093,42.52108313526992,422.3721
-78.53778849074824,42.52043345306531,372.32578
-78.50738108093293,42.51977571061663,394.6521
-78.47697469585565,42.51910990867849,428.6908
-78.29455860122864,42.514945891186855,572.34247
-79.69343680809857,42.561957607808665,173.21356
-79.66298876583957,42.56160632577519,170.98222
-79.6325412747399,42.56124695573546,169.7582
-79.60209434733274,42.56087949810272,175.64725
-79.57164799614975,42.56050395329948,172.5702
-79.5412022337211,42.560120321757545,172.30617
-79.51075707257547,42.55972860391799,172.9725
-79.48031252523992,42.5593288002312,174.11458
-79.44986860423994,42.55892091115682,174.17563
-79.4194253220994,42.55850493716375,174.15714
-79.38898269134049,42.558080878730216,174.0415
-79.3585407244837,42.557648736343694,174.11214
-79.32809943404781,42.55720851050091,174.14334
-79.29765883254986,42.55676020170791,174.11232
-79.26721893250503,42.55630381047996,174.12039
-79.23677974642673,42.55583933734163,174.13753
-79.20634128682654,42.55536678282673,174.1661
-79.17590356621406,42.554886147478356,174.19617
-79.14546659709703,42.55439743184885,173.6665
-79.0845949633705,42.55339576200217,176.74513
-79.05416032376654,42.55288280893596,196.4245
-78.93242990538168,42.550750222912214,232.39586
-78.90199939826539,42.55019688602906,358.3298
-78.87156975512232,42.5496354742524,252.83124
-78.84114098843921,42.54906598822707,334.29443
-78.81071311070053,42.54848842860721,338.0839
-78.78028613438845,42.547902796056114,245.3888
-78.68901073879783,42.54609746758748,489.9048
-78.65858749296626,42.545479550129585,425.72995
-78.56732358814895,42.543577383783756,516.6251
-78.50648597014626,42.54226893521213,424.25043
-78.4760686940873,42.5416026118631,442.43826
-78.44565245659699,42.54092822348857,469.19946
-78.26317753871272,42.53671257169442,603.0555
-78.1719551084288,42.53449593271757,496.41742
-79.6929668153997,42.58446615120386,174.20158
-79.6625078283359,42.58411459391656,174.23946
-79.63204939317315,42.58375494228866,174.84364
-79.6015915224614,42.58338719673395,176.11763
-79.57113422874917,42.58301135767551,181.75584
-79.5406775245835,42.58262742554572,169.13048
-79.51022142250984,42.5822354007862,168.98343
-79.47976593507212,42.58183528384795,174.0793
-79.44931107481267,42.58142707519121,174.16895
-79.41885685427215,42.58101077528549,174.17288
-79.38840328598957,42.58058638460965,174.17989
-79.35795038250225,42.58015390365179,174.13142
-79.32749815634578,42.57971333290931,174.1955
-79.29704662005398,42.57926467288888,174.1846
-79.26659578615885,42.57880792410647,174.21947
-79.23614566719061,42.57834308708733,174.21306
-79.2056962756776,42.57787016236598,174.14737
-79.17524762414624,42.577389150486226,174.17558
-79.14479972512105,42.57690005200111,174.19797
-79.11435259112457,42.57640286747299,164.53708
-79.02301590450304,42.57486280339313,230.53488
-78.96212883472144,42.573795674518266,243.52322
-78.93168655375725,42.57324998606037,247.80263
-78.74905121080317,42.56980615912284,250.32999
-78.47516165374985,42.56409521078082,456.26486
-78.41430842711983,42.56273730730635,521.2931
-78.38388340491954,42.56204625052125,472.95908
-78.29261485232607,42.559924669523376,534.4643
-78.26219421432225,42.559201341682794,554.1587
-79.69249628335099,42.60697460164421,169.22783
-79.662026338931,42.60662276890706,175.20049
-79.63155694715516,42.606262835490504,170.60057
-79.60108812059029,42.60589480180885,171.21872
-79.5706198718018,42.605518668285725,168.37666
-79.5401522133536,42.60513443535406,175.58
-79.50968515780801,42.604742103456104,178.05309
-79.47921871772581,42.60434167304339,175.69328
-79.44875290566618,42.60393314457679,174.1456
-79.41828773418666,42.603516518526455,174.1115
-79.3878232158431,42.60309179537182,174.11174
-79.35735936318967,42.60265897560165,174.14374
-79.32689618877878,42.602218059713984,174.12625
-79.29643370516109,42.60176904821618,174.0782
-79.26597192488548,42.60131194162488,174.1655
-79.23551086049896,42.600846740466,174.13051
-79.20505052454668,42.60037344527477,174.1637
-79.1745909295719,42.59989205659569,174.1233
-79.14413208811598,42.599402574982555,174.09125
-79.11367401271826,42.59890500099847,174.73723
-79.08321671591612,42.598399335215774,188.29857
-79.05276021024493,42.597885578216115,243.10117
-79.02230450823791,42.597363730590416,243.73572
-78.96139556533916,42.59629576587096,246.61057
-78.83958787474029,42.59406277594958,361.9645
-78.74824142199421,42.59230312587967,230.0686
-78.71779444548334,42.59170040653406,324.35086
-78.68734841035752,42.59108960367436,353.95013
-78.50469266885084,42.58725507268462,433.9668
-78.47425357344798,42.5865877054027,454.39197
-78.44381551940711,42.58591226048232,502.99368
-78.41337851921351,42.585228738699485,539.15784
-78.32207396652784,42.583129720075036,537.5886
-78.1699219534808,42.57946989355663,509.77692
-78.13949499928748,42.57871371645499,528.7524
-79.69202521122624,42.62948295911798,175.91585
-79.66154429688173,42.62913085073474,174.35991
-79.63106393592591,42.62877063532871,168.5812
-79.60058414094253,42.628402313314794,169.79292
-79.5701049245139,42.62802588511717,173.03024
-79.53962629922081,42.62764135116933,170.2013
-79.50914827764251,42.62724871191409,174.10432
-79.47867087235666,42.62684796780359,170.86522
-79.44819409593933,42.626439119299306,174.20369
-79.41771796096494,42.626022166871984,174.12079
-79.38724248000622,42.625597111001724,174.12315
-79.35676766563422,42.6251639521779,174.10844
-79.32629353041825,42.624722690899226,174.1085
-79.29582008692583,42.624273327673706,174.15984
-79.2653473477227,42.623815863018656,174.15515
-79.23487532537273,42.62335029746071,174.11806
-79.20440403243792,42.622876631535775,174.22655
-79.17393348147841,42.62239486578906,174.09491
-79.14346368505238,42.62190500077511,174.17726
-79.11299465571604,42.621407037057736,174.1024
-79.0825264060236,42.62090097521005,184.24452
-79.02159229577704,42.619864559462634,210.74313
-78.99112646032106,42.619334206755596,234.73071
-78.89973398316633,42.61769457665223,427.92358
-78.80834931317973,42.615982101878515,277.4975
-78.77788954994456,42.615395092292246,249.42468
-78.62560474826901,42.612338689991375,416.95926
-78.53424552963857,42.61040779059049,417.28693
-78.5037944755821,42.60974798550489,387.97592
-78.47334445178366,42.609080095699845,422.19754
-78.26022418246839,42.60417856057965,541.6551
-78.19934266157463,42.6027054048156,512.64185
-79.66106170144356,42.651638839387594,178.87802
-79.63057035872397,42.651278341791,173.04404
-79.60007958273977,42.65090973123922,169.0552
-79.5695893860902,42.65053300815694,171.10542
-79.53909978137298,42.65014817297827,169.79605
-79.5086107811843,42.64975522614659,176.3232
-79.47812239811871,42.64935416811465,176.2632
-79.44763464476925,42.648944999344494,174.15213
-79.41714753372723,42.64852772030752,174.1722
-79.38666107758232,42.64810233148442,174.14015
-79.35617528892247,42.64766883336524,174.1458
-79.32569018033388,42.64722722644933,174.12807
-79.295205764401,42.64677751124539,174.13885
-79.26472205370645,42.646319688271376,174.15596
-79.234239060831,42.64585375805462,174.12305
-79.20375679835355,42.645379721131754,174.1423
-79.17327527885114,42.644897578048685,174.15636
-79.14279451489877,42.64440732936069,174.15549
-79.11231451906959,42.6439089756323,174.11758
-79.08183530393464,42.643402517437394,174.19096
-79.05135688206298,42.64288795535914,236.98341
-79.0208792660216,42.64236528999,227.49771
-78.99040246837534,42.641834521931756,244.55827
-78.95992650168697,42.641295651795474,235.2149
-78.83803119569043,42.63905916301668,272.40482
-78.80755957215548,42.63847979198157,255.15932
-78.74661905649535,42.637296755938046,295.35675
-78.71615018946153,42.636693092291125,291.9003
-78.41151550297592,42.63021128621348,463.8371
-78.38105770832914,42.629518605049014,478.43933
-78.35060099539648,42.628817835977216,507.78854
-78.3201453766883,42.62810897980387,546.4209
-78.28969086471214,42.62739203734406,608.3376
-78.2592374719727,42.62666700942204,565.22217
-78.19833409420791,42.625192700534896,514.14655
-78.10698773428318,42.62292061737641,496.14194
-79.66057855187044,42.6741467348537,180.4896
-79.6300762147864,42.673785954865146,182.41537
-79.59957444520214,42.67341705556955,175.12416
-79.56907325573391,42.6730400373922,176.21068
-79.53857265899637,42.672654900767725,174.3607
-79.50807266760268,42.672261646140115,173.98003
-79.47757329416439,42.67186027396271,176.61755
-79.44707455129145,42.67145078469816,174.12407
-79.41657645159215,42.67103317881846,174.15343
-79.38607900767308,42.67060745680498,174.12933
-79.35558223213916,42.67017361914837,174.147
-79.32508613759352,42.66973166634865,174.13905
-79.29459073663755,42.66928159891517,174.20131
-79.26409604187077,42.66882341736659,174.15399
-79.23360206589095,42.668357122230915,174.12358
-79.20310882129385,42.667882714045476,174.17474
-79.17261632067343,42.66740019335692,174.08998
-79.14212457662167,42.66690956072122,174.16661
-79.11163360172854,42.666410816703674,174.11249
-79.08114340858204,42.665903961878904,174.13013
-78.95919070514996,42.663795446325885,225.28943
-78.92870460948383,42.66324804641022,258.1111
-78.8372515161583,42.661557206247984,396.56378
-78.80676892484318,42.66097738155247,375.03403
-78.77628724103684,42.66038945230796,246.48218
-78.74580647730302,42.659793419191466,292.45602
-78.6848477602958,42.6585770440969,312.72574
-78.62389287428266,42.65732826187047,420.59348
-78.56294191968485,42.65604707826248,358.3089
-78.41058239177353,42.652702402274244,424.5069
-78.38011364797381,42.6520091788791,469.4184
-78.3496459873447,42.651307861257564,492.8503
-78.28871396570398,42.64988094657214,561.78436
-78.19732437010762,42.64767988831866,521.82623
-78.13640374363423,42.64617206851136,507.88962
-79.660094847415,42.69665453712122,173.09105
-79.62958150334876,42.69629347453898,173.03273
-79.59906872754824,42.695924286293334,177.50266
-79.56855653264664,42.695546972810114,174.3872
-79.53804493127565,42.695161534524544,175.32396
-79.5075339360654,42.69476797188119,176.02242
-79.47702355964445,42.694366285333956,175.72992
-79.44651381463973,42.693956475346134,176.03563
-79.41600471367651,42.69353854239033,174.12671
-79.38549626937841,42.693112486948536,174.05432
-79.35498849436725,42.69267830951207,174.1069
-79.32448140126318,42.69223601058157,174.20885
-79.29397500268456,42.69178559066707,174.11078
-79.26346931124787,42.69132705028791,174.23074
-79.23296433956781,42.69086038997281,174.13716
-79.20246010025716,42.69038561025977,174.1882
-79.17195660592677,42.68990271169618,174.14203
-79.14145386918558,42.68941169483873,174.09673
-79.11095190264051,42.688912560253456,174.12297
-79.08045071889653,42.68840530851574,174.12665
-79.04995033055647,42.68788994021027,174.12563
-79.01945075022115,42.68736645593107,192.38315
-78.98895199048926,42.6868348562815,218.50655
-78.95845406395732,42.686295141874226,218.52916
-78.92795698321972,42.685747313331234,224.69829
-78.89746076086858,42.68519137128386,227.8088
-78.83647094168312,42.684055149247726,251.24144
-78.80597737002172,42.68347487056819,252.59311
-78.77548470709263,42.68288648100265,408.33105
-78.74499296547647,42.68228998122898,303.22372
-78.62303546366823,42.679822893936176,408.05453
-78.59254851724037,42.6791858536156,448.68848
-78.56206256755739,42.678540707349455,298.30658
-78.50109370867565,42.677226099961665,392.87238
-78.44012898749583,42.67587907782792,322.12006
-78.37916850444743,42.674499647151876,447.33517
-78.28773594595187,42.67236974905679,537.9247
-78.1963134877168,42.67016696813265,512.30426
-78.10490146811355,42.66789132719391,449.9211
-79.65961058732829,42.719162246178286,175.87788
-79.62908622364519,42.71880090080035,172.53732
-79.59856242899518,42.71843142339809,169.11523
-79.56803921602851,42.71805381439792,175.63177
-79.5375165973939,42.717668074235625,172.41064
-79.50699458573855,42.717274203356354,175.33115
-79.476473193708,42.71687220221462,173.28432
-79.44595243394622,42.7164620712743,174.21251
-79.41543231909552,42.71604381100864,174.03061
-79.38491286179647,42.71561742190025,174.17828
-79.35439407468796,42.715182904441086,174.17229
-79.32387597040713,42.71474025913247,174.18616
-79.29335856158932,42.71428948648511,174.12604
-79.26284186086805,42.71383058701899,174.12538
-79.23232588087497,42.713363561263535,174.18248
-79.20181063423986,42.71288840975747,174.21074
-79.17129613359057,42.71240513304887,174.12128
-79.14078239155302,42.7119137316952,174.17699
-79.1102694207511,42.7114142062632,174.13647
-79.07975723380672,42.710906557329025,174.13072
-79.04924584333972,42.710390785478126,174.20459
-79.01873526196786,42.70986689130531,175.01222
-78.98822550230679,42.70933487541472,177.25366
-78.95771657696999,42.70879473841983,187.01128
-78.92720849856876,42.70824648094344,221.4117
-78.8967012797122,42.70769010361769,223.03334
-78.83568947105819,42.70655299199338,245.05481
-78.80518490646752,42.705972259005705,228.85919
-78.77468125183509,42.70538340879052,363.59723
-78.74417851975839,42.70478644202658,377.76907
-78.46969752344657,42.699048613062985,396.65
-78.43920470924378,42.69837052019206,343.52362
-78.40871295600301,42.69768431885316,456.31546
-78.37822227629067,42.69699000983674,456.9217
-78.34773268267038,42.69628759394246,439.06836
-78.13433699264482,42.69114375922641,413.31998
-79.62859037490826,42.74130823363718,174.8528
-79.59805554875851,42.740938466871434,173.17442
-79.56752130507805,42.740560562142896,173.97284
-79.53698765653267,42.740174519887915,176.06065
-79.50645461578662,42.73978034055223,176.23584
-79.47592219550252,42.739378024590955,175.7914
-79.44539040834138,42.73896757246857,176.11241
-79.41485926696254,42.738548984658934,174.09344
-79.38432878402368,42.73812226164531,174.14162
-79.35379897218068,42.73768740392029,174.17393
-79.32326984408775,42.73724441198584,174.12985
-79.29274141239723,42.736793286353354,174.08815
-79.26221368975969,42.736334027543506,174.13246
-79.23168668882383,42.73586663608639,174.09926
-79.20116042223641,42.73539111252145,174.18353
-79.17063490264232,42.7349074573975,174.10771
-79.14011014268448,42.73441567127269,174.08643
-79.10958615500381,42.733915754714566,174.08902
-79.07906295223918,42.7334077083,174.10295
-79.04854054702749,42.7328915326152,174.14972
-79.01801895200344,42.732367228255775,174.19196
-78.98749817979969,42.73183479582665,183.68005
-78.9569782430467,42.73129423594211,174.03957
-78.92645915437276,42.73074554922578,234.65804
-78.86542357176401,42.72962379783897,214.22737
-78.83490710307454,42.72905073446244,249.4311
-78.80439153295472,42.72846954684204,237.67184
-78.77387687402141,42.727880235648094,219.41461
-78.74336313888905,42.72728280156024,349.829
-78.59080876157682,42.72417381215327,279.83667
-78.52979391848838,42.72287338096553,385.10815
-78.49928802758734,42.72221098931303,401.7871
-78.3467743830928,42.718777301284604,430.2803
-78.22478319437775,42.715884323047725,549.94586
-78.19428824182067,42.71514080371413,500.72452
-78.16379445224263,42.71438917616982,451.56387
-79.6280939563691,42.76381547303738,169.01195
-79.59754808605229,42.76344541670097,175.6985
-79.56700279899223,42.76306721603232,176.22192
-79.53645810787185,42.76268087146839,175.50093
-79.50591402537246,42.76228638345546,176.16415
-79.47537056417379,42.761883752449265,176.35902
-79.44482773695394,42.76147297891489,176.66338
-79.41428555638933,42.76105406332683,174.04657
-79.38374403515472,42.76062700616895,174.02882
-79.35320318592306,42.76019180793451,174.1179
-79.32266302136564,42.75974846912616,174.12334
-79.29212355415187,42.759296990255905,174.17178
-79.26158479694938,42.758837371845146,174.12408
-79.2310467624239,42.75836961442468,174.14632
-79.2005094632393,42.75789371853463,174.15453
-79.16997291205749,42.757409684724536,174.10902
-79.13943712153844,42.75691751355331,174.1503
-79.10890210434009,42.756417205589194,174.12106
-79.0783678731184,42.755908761409835,174.09981
-79.04783444052724,42.75539218160225,174.11908
-79.01730181921837,42.75486746676278,174.01505
-78.98677002184145,42.754334617497165,174.19885
-78.95623906104399,42.753793634420504,175.55061
-78.92570894947126,42.75324451815721,242.38232
-78.89517969976635,42.752687269341116,196.675
-78.83412383652087,42.751548376632435,223.3737
-78.80359724825503,42.75096673405421,258.92273
-78.77307157240637,42.75037696155189,307.59537
-78.74254682160631,42.74977905980601,241.49036
-78.65097824577562,42.74793658605257,273.21786
-78.62045732143544,42.74730617432471,285.5651
-78.49838363191367,42.74470327781787,282.73065
-78.43735296842101,42.74335309034754,386.0898
-78.13226549566593,42.736115014418324,307.50827
-79.62759696725735,42.78632261898896,170.46556
-79.59704004008901,42.78595227287439,169.4177
-79.56648369696649,42.78557377605359,174.51462
-79.53592795058977,42.78518712896407,174.3511
-79.50537281365732,42.78479233205273,175.83067
-79.47481829886598,42.784389385775896,176.0675
-79.44426441891098,42.78397829059927,174.19696
-79.41371118648586,42.78355904699795,174.1571
-79.38315861428248,42.78313165545645,174.16852
-79.35260671499091,42.78269611646868,174.07095
-79.32205550129956,42.78225243053793,174.1979
-79.29150498589493,42.7818005981769,174.12701
-79.26095518146171,42.78134061990769,174.15503
-79.2304061006828,42.78087249626175,174.15358
-79.19985775623908,42.78039622777994,174.11821
-79.16931016080957,42.77991181501252,174.10657
-79.13876332707135,42.77941925851912,174.12524
-79.10821726769939,42.77891855886876,174.05872
-79.07767199536674,42.77840971663983,174.15402
-79.04712752274432,42.77789273242009,174.0464
-79.01658386250098,42.77736760680671,174.18706
-78.98604102730341,42.77683434040619,174.10063
-78.95549902981618,42.77629293383444,174.10916
-78.92495788270158,42.77574338771672,181.34369
-78.89441759861975,42.77518570268767,174.16753
-78.86387819022853,42.774619879391274,218.8902
-78.83333967018348,42.77404591848089,231.8207
-78.80280205113777,42.77346382061927,183.99457
-78.77226534574231,42.772873586478454,209.14754
-78.74172956664552,42.772275216739914,177.644
-78.6806608379296,42.77105407324212,274.81595
-78.65012791359509,42.770431300892504,266.12808
-78.61959596612844,42.76980039576442,276.16223
-78.58906500816565,42.769161358586054,305.13745
-78.52800611128248,42.767858891037875,277.0272
-78.49747819762096,42.76719546217114,344.31628
-78.40590074725321,42.76515640441475,467.79623
-78.37537706940259,42.76446046405788,441.32538
-78.31433299779933,42.76304420649011,327.63156
-78.25329338905517,42.761595451911326,513.16
-78.13122796342935,42.75860047860423,322.16672
-79.6270994068011,42.80882967147994,176.47276
-79.5965314100797,42.808459035379364,180.15135
-79.56596399819468,42.80808024219404,169.09784
-79.53539718386315,42.807693292361996,175.51132
-79.50483097980077,42.80729818633075,174.5151
-79.47426539872154,42.80689492455722,176.21953
-79.44370045333785,42.8064835075077,174.16367
-79.41313615636038,42.80606393565794,174.17131
-79.3825725204981,42.80563620949309,174.12434
-79.35200955845829,42.805200329507684,174.1086
-79.32144728294645,42.80475629620571,174.04836
-79.29088570666623,42.80430411010052,174.1381
-79.26032484231946,42.803843771714874,174.07292
-79.22976470260615,42.80337528158096,174.15286
-79.1992053002243,42.80289864024034,174.1273
-79.16864664787008,42.802413848244,174.09637
-79.1380887582376,42.80192090615229,174.11433
-79.10753164401905,42.80141981453499,174.178
-79.0769753179045,42.80091057397122,174.16266
-79.046419792582,42.800393185049565,174.13275
-79.01586508073746,42.79986764836794,174.04396
-78.98531119505469,42.79933396453366,174.18611
-78.95475814821532,42.798792134163406,174.28046
-78.89365462178218,42.79768403632884,174.7181
-78.86310416754048,42.79711777014478,175.19403
-78.80200594036991,42.795960806514266,220.02965
-78.77145819277918,42.795370110404356,212.26003
-78.67982056596382,42.79354917311209,246.04262
-78.64927660454626,42.79292591336403,270.1771
-78.61873362131718,42.792294514482485,271.05438
-78.58819162892958,42.7916549771966,257.07956
-78.55765064003384,42.79100730224486,272.71298
-78.52711066727773,42.790351490375116,325.54282
-78.46603382076202,42.78901545891972,394.41302
-78.31336037173784,42.785533038364306,324.4683
-78.22176960795397,42.78334601239427,487.23926
-78.19124164669974,42.782600746456104,509.15057
-78.16071485314086,42.781847353302524,453.18076
-78.06914160472633,42.779538419287505,455.20822
-79.626601274227,42.831336630498406,174.14412
-79.59602219523383,42.83096570420371,177.68312
-79.56544370186907,42.830586614441124,174.22026
-79.53486580686713,42.8301993616493,174.15698
-79.50428852296082,42.8298039462763,174.10378
-79.47371186288133,42.82940036877966,174.156
-79.44313583935822,42.828988629626274,174.1586
-79.41256046511937,42.82856872929254,176.11514
-79.38198575289097,42.82814066826423,176.26543
-79.35141171539743,42.827704447036545,176.22708
-79.32083836536141,42.8272600661141,174.12
-79.29026571550376,42.82680752601095,174.12831
-79.25969377854348,42.82634682725055,174.06198
-79.22912256719768,42.82587797036576,174.1627
-79.1985520941816,42.825400955898886,174.118
-79.16798237220848,42.82491578440159,174.1467
-79.13741341398963,42.824422456434995,174.14868
-79.10684523223435,42.823920972569624,174.10625
-79.07627783964985,42.823411333385366,174.14378
-79.04571124894132,42.82289353947155,174.09639
-79.01514547281181,42.822367591426904,174.12741
-78.98458052396222,42.82183348985952,174.09705
-78.95401641509129,42.82129123538694,174.18047
-78.92345315889557,42.82074082863605,210.13943
-78.89289076806932,42.82018227024316,174.1032
-78.86232925530456,42.81961556085396,172.705
-78.83176863329098,42.81904070112353,175.69568
-78.80120891471596,42.81845769171631,178.33133
-78.77065011226448,42.81786653330619,199.62067
-78.74009223861908,42.81726722657637,207.15779
-78.70953530645994,42.81665977221945,223.1851
-78.61787028566401,42.81478853045287,276.4367
-78.49566420756412,42.81217951830989,340.87134
-78.46511526347591,42.811506908994716,374.47653
-78.40402055442983,42.810137268234605,380.75272
-78.34293016856955,42.8087350699233,441.69406
-78.31238662845291,42.80802176370417,312.79135
-78.28184420706961,42.80730032053779,312.9859
-78.22076277105816,42.80583302670453,495.4685
-78.1902237817002,42.80508717773163,475.64
-78.09861387977472,42.80280083294756,291.55386
-79.59551239475925,42.853472279335186,177.43507
-79.5649228071804,42.85309289278232,175.91289
-79.53433381877522,42.85270533681309,175.14717
-79.47315769048444,42.851905718429656,174.21501
-79.44257057609403,42.8514936569411,175.51558
-79.41198411186764,42.85107342788749,177.6848
-79.38139831054866,42.85064503175526,175.64528
-79.35081318487872,42.85020846904024,176.28242
-79.3202287475977,42.84976374024773,175.31667
-79.28964501144361,42.849310845892454,174.02112
-79.25906198915267,42.848849786498555,174.09338
-79.22847969345919,42.84838056259959,174.17441
-79.19789813709558,42.847903174738555,174.12563
-79.16731733279228,42.847417623467905,174.16205
-79.13673729327778,42.84692390934945,174.12436
-79.10615803127851,42.846422032954436,174.15472
-79.0755795595189,42.84591199486358,174.161
-79.04500189072128,42.84539379566695,174.13931
-79.01442503760586,42.844867435964055,174.12383
-78.9838490128907,42.8443329163638,174.1614
-78.9532738292917,42.84379023748453,174.12521
-78.92269949952252,42.84323939995397,174.15857
-78.89212603629458,42.84268040440924,174.16968
-78.86155345231704,42.84211325149692,174.07875
-78.80041097293808,42.84095447620254,175.7208
-78.73927216301189,42.83976307943111,203.9557
-78.70870416584127,42.83915514970768,219.61559
-78.6475710505587,42.83791483109993,226.47621
-78.58644185862323,42.836641905073165,257.64203
-78.49475564898599,42.8346713900389,308.7676
-78.46419565069718,42.83399825445638,294.6622
-78.43363670932867,42.833316971543745,347.16025
-78.37252204803352,42.83192996688654,387.9116
-78.25030596581837,42.82905822487823,392.92947
-78.12810821245122,42.82605621709509,468.80762
-78.0364724126312,42.823719257623985,368.41864
-79.56440131331779,42.87559907720514,179.38142
-79.53380121875934,42.875211217840565,176.64809
-79.47260288066835,42.87441097349371,174.4651
-79.44200466266554,42.8739985894383,177.64093
-79.41140709570823,42.87357803142857,174.37245
-79.31961842870672,42.87226731859126,174.58647
-79.28902359352,42.87181406972929,175.971
-79.25842947316409,42.871352649442755,175.58072
-79.22783608039052,42.87088305826591,176.22603
-79.19724342794892,42.87040529674247,174.10217
-79.16665152858695,42.86991936542559,174.10541
-79.13606039505032,42.86942526487784,181.50438
-79.0748804764256,42.86841255838722,176.2007
-79.04429171681869,42.86789395361666,174.06157
-79.01370377399928,42.86736718195984,174.12315
-78.98311666070268,42.8668322440265,174.1488
-78.9525303896619,42.86628914043574,174.1092
-78.92194497360785,42.865737871816144,174.17545
-78.89136042526908,42.86517843880569,174.14177
-78.86077675737192,42.86461084205175,174.5015
-78.83019398264034,42.86403508221113,174.81044
-78.76903116355813,42.86285907594411,176.78062
-78.73845114464356,42.862258830878346,188.57726
-78.67729395163937,42.861033860354446,207.90001
-78.5855654648358,42.85913521428607,235.23782
-78.5549913007748,42.85848601777327,261.5207
-78.5244181569844,42.85782866525897,275.04376
-78.49384604616084,42.85716315750334,285.12875
-78.40213603841312,42.85511771053104,361.98074
-78.3104357841684,42.852998894653794,382.73184
-78.27987125937614,42.85227632228178,306.57153
-78.24930786902033,42.851545601087466,334.15213
-78.21874562577159,42.85080673191535,411.2055
-79.594491033748,42.89848514847091,172.37038
-79.56387921946882,42.898105167697125,175.70369
-79.50265740609544,42.89732065998627,176.48337
-79.47204743256884,42.896916133958385,172.76741
-79.41082941574238,42.8960825399016,176.041
-79.38022139800006,42.89565347283864,176.99403
-79.31900740773806,42.89477080112939,180.5564
-79.28840146076527,42.89431719750579,179.61519
-79.25779622959284,42.89385541606707,179.47583
-79.16598495855597,42.89242101025735,183.03394
-79.13538271825352,42.891926523002475,187.58015
-79.0435807261282,42.890394013301666,189.19873
-78.95178609504504,42.888787944220184,180.09065
-78.92118957997751,42.888236244201714,174.08168
-78.89059393380158,42.88767637341113,176.2107
-78.85999916926082,42.88710833249663,182.85214
-78.82940529909635,42.8865321221159,186.49211
-78.76822029284929,42.88535519563347,184.74463
-78.73762918223711,42.8847544808942,200.91435
-78.70703901694209,42.88414559941356,196.95477
-78.67644980969324,42.88352855189628,211.4415
-78.6458615732171,42.88290333905655,217.39073
-78.61527432023766,42.88226996161791,220.01079
-78.55410281565173,42.880978715885284,244.61143
-78.5235185894801,42.88032084908544,243.036
-78.49293539767481,42.879654820675036,275.67365
-78.46235325294651,42.87898063142463,302.56082
-78.43177216800318,42.87829828211419,333.58707
-78.34003539891994,42.87620228176318,365.6715
-78.30945868013926,42.875487300200035,335.11252
-78.27888308464061,42.874764162617495,298.6236
-78.09545381103857,42.870254108201635,412.1474
-79.5021124488686,42.919826042470305,174.28587
-79.44087088178804,42.919008169924645,177.57939
-79.37963192596008,42.91815755040194,175.34122
-79.25716225745212,42.91635808635547,182.45924
-79.19593174939438,42.915409250175415,184.13077
-79.16531762166078,42.9149225579459,178.98352
-79.13470426183162,42.91442768370564,181.13235
-79.04286891754234,42.912893974702946,190.84677
-79.01225875709198,42.91236637824948,188.71623
-78.981649428416,42.91183060274737,189.29893
-78.95104094428197,42.91128664881742,184.99825
-78.92043331745514,42.91073451708983,173.174
-78.88982656069858,42.91017420820424,190.42198
-78.85922068677299,42.909605722809744,197.12639
-78.82861570843681,42.90902906156488,195.41637
-78.7980116384461,42.908444225137615,197.02133
-78.76740848955447,42.90785121420532,196.16548
-78.73680627451316,42.90725002945486,203.88034
-78.7062050060709,42.90664067158246,201.69724
-78.67560469697398,42.906023141293815,205.32195
-78.64500535996609,42.90539743930402,215.57649
-78.61440700778842,42.90476356633761,224.74193
-78.5838096531795,42.90412152312851,228.34825
-78.55321330887529,42.90347131042009,231.82994
-78.52261798760904,42.90281292896512,252.0645
-78.49202370211131,42.90214637952576,260.64233
-78.46143046510996,42.90147166287363,273.9623
-78.40024718749383,42.900097731064356,307.98212
-78.36965717232077,42.89939851749741,311.18787
-78.3084804528276,42.89797559908487,350.33945
-78.24730823254816,42.8965200311383,282.0392
-78.06381958325161,42.89195749820938,346.17905
-78.00266637583985,42.89037140099187,332.07767
-79.56283322855403,42.943117066839,180.02754
-79.50156686442351,42.94233133055627,180.82552
-79.44030301257095,42.94151281788624,174.69574
-79.40967206078784,42.94109127158698,180.69644
-79.37904177551752,42.94066153262702,176.85844
-79.28715504688239,42.939323164815114,175.69707
-79.2565275557532,42.938860660291915,174.82964
-79.22590079517254,42.93838996569517,168.81848
-79.16464951686079,42.93742400847398,179.58589
-79.10340131433524,42.93642529763208,182.6481
-79.0727783984797,42.93591366104496,179.90262
-79.04215628995145,42.935393837801506,176.26738
-79.01153500153964,42.93486582850439,188.34785
-78.98091454603133,42.93432963376574,186.6564
-78.91967618486215,42.9332326904596,172.8891
-78.88905830476416,42.93267194316367,181.69188
-78.85844130869538,42.93210301296925,196.31273
-78.82782520943144,42.93152590053576,203.73528
-78.79721001974565,42.930940606532026,193.26222
-78.76659575240892,42.93034713163636,199.95076
-78.7359824201897,42.92974547653646,204.15123
-78.70537003585397,42.929135641929534,213.31136
-78.67475861216523,42.92851762852216,214.75604
-78.64414816188446,42.9278914370304,223.15944
-78.61353869776997,42.92725706817972,231.59341
-78.5829302325776,42.92661452270502,235.67455
-78.46050661605146,42.92396258959419,253.43869
-78.4299033367127,42.92327917235292,262.09958
-78.39930113277411,42.92258758309497,275.54636
-78.3381000020411,42.92117989174183,290.98706
-78.30750110071125,42.92046379127656,311.93225
-78.27690332571069,42.91973952205443,318.52567
-78.24630668976435,42.9190070849139,287.75967
-78.21571120559415,42.91826648070286,289.99075
-78.15452374345469,42.916760774507594,332.72656
-79.50102065190822,42.96483652423114,182.79251
-79.47037724990234,42.96443104762189,174.62091
-79.40909238399294,42.963595494771155,177.54767
-79.37845094575107,42.96316541949941,179.18103
-79.34781018775591,42.96272714565911,178.03484
-79.31717012283386,42.96228067375885,180.82864
-79.28653076380947,42.961826004316755,175.4841
-79.22525421474249,42.96089207492695,173.4334
-79.13334500587897,42.95942971277688,180.14732
-79.07207609263443,42.95841383256464,178.7594
-79.04144284224374,42.957893602578366,179.35585
-78.98017881795798,42.95682856586286,172.72586
-78.94954806966938,42.95628376036893,171.94774
-78.91891818101759,42.955730764290244,172.1826
-78.8882891648002,42.95516957826812,182.72713
-78.8576610338125,42.95460020295337,186.53516
-78.76578208014544,42.95284294790328,204.8735
-78.73515761798232,42.952240822115236,196.06099
-78.70453410498963,42.951630510430455,184.88211
-78.64328997763606,42.950385332210274,204.41577
-78.61266938882899,42.94975046711829,227.47478
-78.58204980030001,42.9491074190164,242.3343
-78.55143122481944,42.948456188649914,234.34021
-78.45958170433178,42.94645341155755,262.3836
-78.39835398991713,42.94507732959499,271.55228
-78.36774176075286,42.94437702182082,273.53278
-78.33713063395285,42.943668537263356,275.29517
-78.27591173843479,42.9422270410909,287.9757
-78.24530399520388,42.94149403114564,274.9305
-78.21469740531157,42.94075284775651,270.27975
-78.09228283380261,42.9377063970701,288.40933
-78.06168220158185,42.93692435952548,294.50385
-78.03108279906914,42.93613415382827,290.12164
-78.00048463898156,42.93533578089329,275.93115
-79.53112901072384,42.98773921048726,170.87846
-79.50047381046917,42.98734162348197,181.25343
-79.43916531214688,42.986521829177796,177.34424
-79.40851203977921,42.986099622830935,173.64372
-79.37785943573758,42.98566921100474,176.97328
-79.34720751286758,42.98523059419902,179.60951
-79.31655628401303,42.984783772923045,178.54124
-79.28590576201589,42.98432874769562,178.33994
-79.25525595971621,42.983865519045054,179.8497
-79.22460688995217,42.983394087509126,180.00256
-79.13266420422633,42.981930581109715,179.20644
-79.10201819294726,42.98142634360033,177.71487
-79.07137297836488,42.98091390603706,177.51167
-79.04072857330522,42.980393269014634,173.70923
-79.01008499059215,42.97986443313735,171.5279
-78.97944224304734,42.9793273990189,180.94783
-78.9488003434903,42.97878216728255,171.90707
-78.91815930473824,42.978228738560965,182.3061
-78.88751913960613,42.97766711349635,184.41447
-78.85687986090657,42.977097292740375,190.29312
-78.8262414814499,42.976519276954136,188.59106
-78.76496747149437,42.97533866298284,211.99269
-78.73433186660408,42.97473606616739,188.18288
-78.70369721217368,42.974125277060914,190.2133
-78.67306352100121,42.973506296371895,199.24876
-78.64243080588219,42.97287912481828,212.05182
-78.61179907960953,42.97224376312741,222.05211
-78.55053864476184,42.97094847229084,238.51735
-78.45865572850877,42.96894412873497,246.99179
-78.36678240216864,42.96686611506577,262.9875
-78.33616015075184,42.96615707643149,259.58313
-78.24430014730436,42.963980869800515,278.61627
-78.21368243895385,42.96323910681637,272.287
-78.15245053797484,42.96173104483028,287.4435
-78.09122340961059,42.96019027399374,280.48517
-79.53059272168355,43.01024452642983,176.98006
-79.49992633925109,43.00984662829583,176.38014
-79.46926058745431,43.00944051682208,172.30496
-79.43859547916146,43.00902619248045,176.72765
-79.37726724455214,43.00817290712863,180.61824
-79.31594173833452,43.00728677620585,182.81703
-79.28528004052451,43.006831394936206,183.24992
-79.25461906339102,43.00636780382988,184.16754
-79.22395881978963,43.00589600342538,184.20827
-79.19329932257402,43.00541599427071,185.63127
-79.13198261870477,43.004431351950565,175.09116
-78.9787048201486,43.00182613321406,182.23624
-78.94805175650585,43.00128047492766,171.62813
-78.91739955483858,43.000726613251004,182.1183
-78.88674822797907,43.0001645488271,189.9328
-78.85609778875738,42.999594282308486,182.07852
-78.82544825000112,42.99901581435715,178.72218
-78.79479962453557,42.99842914564459,180.71358
-78.76415192518357,42.99783427685177,179.10211
-78.73350516476553,42.99723120866913,174.05533
-78.70285935609935,42.996619941796624,187.65019
-78.67221451200041,42.996000476943635,189.94418
-78.64157064528152,42.995372814829054,197.08923
-78.61092776875294,42.99473695618119,200.25443
-78.48836642065399,42.99211157115541,248.58258
-78.42709202061661,42.990749719075545,255.02876
-78.39645643388235,42.99005650588348,264.01703
-78.30455628026826,42.9879277273752,271.80173
-78.2432951445003,42.98646760084554,271.43033
-78.21266630493837,42.985725257848785,274.42386
-78.18203863461945,42.98497472950848,270.74625
-78.09016276677896,42.98267404117404,259.09406
-78.05953990107447,42.98189078025446,274.7947
-77.99829788156192,42.98029971663553,271.8184
-77.96767875325341,42.979491915779946,267.0535
-79.5607340109643,43.03313973740958,184.82219
-79.40734934546344,43.031107593521355,184.85196
-79.37667437126804,43.030676507856754,187.08855
-79.34600008009954,43.03023720437682,211.74922
-79.31532648483667,43.02978968359219,194.6246
-79.28465359835631,43.02933394602303,200.39392
-79.2539814335334,43.02886999219903,183.35121
-79.22331000324101,43.02839782265941,183.60905
-79.10063188476894,43.02642699846242,175.45102
-79.06996432015563,43.025913758766265,174.7557
-79.03929756726905,43.02539230678974,173.95961
-79.00863163896787,43.02486264313871,174.0093
-78.97796654810861,43.024324768428514,190.49559
-78.94730230754556,43.02377868328402,181.24959
-78.91663893013073,43.02322438833961,174.21614
-78.88597642871386,43.02266188423914,177.73627
-78.85531481614233,43.02209117163602,180.02629
-78.82465410526122,43.021512251193094,177.77878
-78.79399430891317,43.02092512358274,183.28989
-78.70202053545738,43.01911450461331,179.73074
-78.67136452561911,43.01849455524687,183.49602
-78.64070949449012,43.01786640221724,191.94376
-78.610055454898,43.01723004625373,193.12659
-78.57940241966773,43.016585488095124,192.25058
-78.54875040162159,43.01593272848969,198.80698
-78.51809941357918,43.01527176819513,217.49619
-78.48744946835741,43.0146026079787,226.04326
-78.45680057877037,43.01392524861705,255.16481
-78.30357241365239,43.01041549247681,271.466
-78.21164900167933,43.00821130082017,274.48102
-78.18101018896736,43.007460185663156,274.9672
-78.15037255987185,43.00670087964791,274.22723
-78.11973612717433,43.00593338365509,234.82092
-78.08910090365313,43.0051576985748,255.64342
-77.99720261588251,43.0027815178513,259.92355
-79.49882950404846,43.05485635456119,187.42996
-79.46814135098762,43.05444960730478,188.14302
-79.43745384318463,43.05403463433154,185.38303
-79.3760808149567,43.05318001317484,180.84961
-79.34539532032963,43.05274036598534,196.60938
-79.31471052255604,43.052292495067,237.22229
-79.28402643453032,43.051836400940644,200.9334
-79.1919785578554,43.05041878466507,180.60428
-79.16129743772649,43.049929803105954,180.41632
-79.13061709178827,43.04943260108614,171.65076
-79.09993753292325,43.04892717918371,175.24536
-79.06925877401191,43.04841353798625,171.2023
-79.03858082793252,43.04789167809087,176.32959
-79.00790370756125,43.04736160010425,170.60999
-78.97722742577207,43.04682330464252,174.27725
-78.94655199543668,43.0462767923314,174.15768
-78.88520374060288,43.0451591197113,175.36812
-78.85453094183649,43.04458796070127,180.9653
-78.82385904598786,43.04400858743978,179.47054
-78.79318806591706,43.04342100060005,181.03487
-78.73184890453713,43.042221188926504,176.65855
-78.6705135605281,43.040988531256815,175.80331
-78.60918213668079,43.03972303331915,187.54028
-78.57851792692858,43.03907797108142,192.14491
-78.48653146042564,43.03709354031204,206.00107
-78.45587140195664,43.03641565126427,216.8931
-78.4252124133871,43.03572955745821,239.17603
-78.39455450754282,43.03503525969055,261.34695
-78.33324199531894,43.033622055504395,270.71048
-78.27193396783365,43.03217604526846,273.31015
-78.17998055969825,43.029945533299724,279.85138
-78.08803781857532,43.02764124615973,234.95714
-79.49828013834502,43.07736107598701,180.95317
-79.43688203840432,43.07653871285291,184.90147
-79.3447898637059,43.075243431920754,183.78313
-79.31409385052723,43.07479521061524,188.97173
-79.25270396922524,43.07387407962691,180.88115
-79.22201012692,43.07340117101583,182.55681
-79.19131703405411,43.072920034390535,185.12126
-79.12993314825482,43.071933079345854,183.604
-79.09924238112356,43.07142726207457,183.61731
-79.06855241503587,43.070913219085284,166.13077
-79.03786326288751,43.07039095097593,170.95789
-79.0071749375722,43.06986045835395,170.85281
-78.97648745198133,43.06932174183631,171.07845
-78.94580081900412,43.06877480204955,171.237
-78.91511505152754,43.06821963962971,174.14659
-78.88443016243622,43.06765625522234,184.23672
-78.85374616461247,43.06708464948257,179.78654
-78.82306307093624,43.066504823075014,175.20941
-78.79238089428506,43.0659167766738,175.26741
-78.76169964753404,43.065320510962636,174.76276
-78.73101934355577,43.06471602663467,174.85507
-78.66966161539557,43.06348240494869,178.0253
-78.63898421694618,43.0628532690246,176.80074
-78.60830781273471,43.06221591735157,179.58606
-78.54695803846181,43.06091656973116,186.04106
-78.51628469411185,43.06025457529374,190.79631
-78.48561239542263,43.05958436812732,196.34619
-78.45494115524303,43.05890594901064,205.09412
-78.42427098641909,43.05821931873189,201.83586
-78.39360190179401,43.057524478088794,218.58122
-78.2402731909604,43.0539271479916,232.48402
-78.14828979617167,43.051670278681115,242.18895
-78.11763104679456,43.050901582219886,224.81425
-78.02566212470107,43.048546285256926,208.90819
-79.52844137944308,43.10026484782588,183.07945
-79.49773013942482,43.09986570292457,190.23564
-79.4363095745672,43.09904269642019,184.27335
-79.37489164952912,43.09818673752384,172.10672
-79.34418370927867,43.09774640216847,169.92172
-79.313476467783,43.09729783022195,169.20995
-79.28276993797158,43.09684102220655,120.14067
-79.252064132772,43.096375978654045,175.12138
-79.22135906510992,43.0959027001058,170.78127
-79.19065474790901,43.09542118711272,182.34044
-79.12924841657541,43.09443346004356,192.83456
-79.09854642827996,43.0939272471171,197.22461
-79.06784524212009,43.09341280204506,191.25534
-79.03714487100915,43.09289012542614,175.65466
-79.0064453278583,43.092359217868584,179.46454
-78.97574662557655,43.09182007999021,176.11221
-78.94504877707057,43.091272712418316,174.82423
-78.91435179524487,43.09071711578983,175.60649
-78.8836556930016,43.090153290751154,176.66092
-78.85296048324055,43.08958123795827,175.31679
-78.82226617885918,43.08900095807666,177.8047
-78.79157279275249,43.08841245178139,177.43071
-78.7608803378131,43.08781571975698,178.63896
-78.73018882693111,43.08721076269758,179.50227
-78.69949827299408,43.08659758130679,176.60803
-78.63812008749264,43.08534654839315,179.96423
-78.57674588435799,43.08406262683554,184.38849
-78.48469227190954,43.082075091396426,183.67355
-78.39264819900556,43.08001359077698,217.87332
-78.2699382078848,43.07714990372319,209.47607
-78.17791774386903,43.07491590288144,229.61697
-78.11657668872677,43.073385517345294,206.19594
-78.08590797591637,43.072608011737145,212.902
-78.02457424395217,43.07102837935608,214.5304
-77.96324552233874,43.069415924886286,212.32173
-79.46645765464855,43.12196253270305,181.01314
-79.40501590775636,43.1211223927963,172.2394
-79.34357685609633,43.12024927671388,166.39468
-79.28214060326732,43.119343188524134,83.58495
-79.25142355878096,43.1188777812023,173.14409
-79.22070725283832,43.118404132448724,179.6393
-79.1899916983807,43.11792224281505,175.5233
-79.15927690834737,43.11743211286248,180.6303
-79.12856289567556,43.11693374316184,192.97708
-79.09784967330042,43.11642713429344,190.70172
-79.06713725415504,43.11591228684724,154.34984
-79.0364256511703,43.11538920142272,180.1992
-78.97500494539557,43.11431831908446,187.03659
-78.94429586845636,43.11377052341753,179.60828
-78.9135876593794,43.113214492265804,174.04248
-78.88288033108435,43.11265022627661,180.97977
-78.821468368507,43.111496992422616,182.66057
-78.79076376005224,43.11090802590013,178.12973
-78.76006008403436,43.110310827224765,178.95471
-78.72935735336101,43.10970539709153,179.37894
-78.6679547796657,43.10846984527924,177.81091
-78.63725496244626,43.1078397250379,178.16563
-78.60655614217632,43.1072013762141,101.474304
-78.57585833175055,43.106554799550565,87.23784
-78.54516154406096,43.1058999957995,64.23569
-78.48377108844471,43.104565710091244,185.68256
-78.45307744628832,43.10388622968609,187.6619
-78.42238487840858,43.10319852529748,191.3632
-78.39169339768353,43.10250259772523,195.60452
-78.2382527519066,43.09889964076826,203.21217
-78.14620223384959,43.09663924165051,210.25275
-78.08484121500345,43.09509122965711,198.47537
-79.46589512790852,43.144466651696575,167.50583
-79.40443086610091,43.143625854595584,168.69633
-79.28151054296227,43.14184525861106,114.69327
-79.25078224624585,43.14137948725597,78.6811
-79.2200546890814,43.14090546802847,125.07757
-79.18932788442778,43.14042320148095,133.43733
-79.15860184524192,43.139932688175385,160.57195
-79.12787658447867,43.13943392868327,177.54243
-79.0971521150908,43.13892692358577,189.38614
-79.06642845002897,43.13841167347357,164.69402
-79.0357056022417,43.13788817894695,168.9399
-79.00498358467534,43.13735644061578,199.07816
-78.97426241027401,43.13681645909948,191.28503
-78.94354209197957,43.13626823502703,191.9868
-78.91282264273163,43.13571176903702,191.6769
-78.88210407546742,43.13514706177758,192.9014
-78.85138640312192,43.134574113906396,190.99678
-78.78995379491467,43.13340349900743,182.18108
-78.75923888491069,43.13280583334285,179.83759
-78.69781191772786,43.1315857890631,182.6174
-78.66709988639174,43.13096341186846,171.96083
-78.63638884044998,43.13033279893359,214.19763
-78.6056787928175,43.12969395099256,2088.5098
-78.57496975640647,43.12904686878909,217.82825
-78.54426174412643,43.12839155307637,187.59373
-78.51355476888416,43.12772800461713,183.97484
-78.4828488435837,43.12705622418369,184.08571
-78.45214398112624,43.12637621255781,187.06653
-78.42144019441021,43.12568797053085,188.65248
-78.39073749633116,43.12499149890369,187.22475
-78.32933541765152,43.12357387009978,188.44157
-78.26793784819303,43.122123332743456,189.30577
-79.46533195238196,43.16697067593212,107.08839
-79.40384514971666,43.166129221159565,92.629616
-79.37310275536552,43.16569610811675,80.74888
-79.31162004555677,43.16480511324349,98.59749
-79.28087975606581,43.164347232452016,104.38515
-79.25014019415848,43.16388109679934,109.05794
-79.21940137281328,43.163406706828944,106.97095
-79.15792600371351,43.16243316615702,124.04829
-79.12718948190604,43.1619340165905,123.722176
-79.09645375255475,43.16142661497626,121.38242
-79.03498472309182,43.160387057980124,181.1365
-79.00425144891031,43.15985490380997,196.58148
-78.97351901904516,43.15931450001556,194.36488
-78.94278744645588,43.15876584722673,194.93399
-78.85059800190366,43.15707040133564,116.743
-78.81986998796653,43.15648875905897,146.63205
-78.75841673915245,43.1553007380881,191.7575
-78.72769153016353,43.154694360778045,185.50784
-78.69696728204113,43.15407973985691,190.47256
-78.66624400772294,43.1534568760407,181.78806
-78.635521720144,43.15282577005494,193.86649
-78.60480043223676,43.152186422634735,190.5924
-78.57408015693096,43.15153883452473,192.53514
-78.51264269582921,43.15021893926167,190.10196
-78.48192553587916,43.149546633645656,194.59761
-78.38978049344868,43.14748029428245,190.28143
-79.49552379427769,43.18988326553812,86.57991
-79.43401311064797,43.189057680880026,91.21552
-79.40325875768181,43.18863249247455,93.126366
-79.37250508128956,43.18819904067643,74.63943
-79.34175209447508,43.187757325991406,74.60617
-79.31099981024035,43.18730734893486,74.69676
-79.28024824158547,43.186849110031794,84.583305
-79.24949740150863,43.186382609816796,96.14445
-79.21874730300611,43.1859078488341,98.29037
-79.18799795907216,43.185424827637526,97.2072
-79.03426301258695,43.18288583850355,102.15503
-79.00351846882852,43.18235326819236,127.867424
-78.91128996227938,43.18070602338279,164.56673
-78.88054887825456,43.180140432621776,97.30359
-78.8498086915944,43.17956658837292,117.781456
-78.78833106223675,43.178394142097375,156.36417
-78.75759364546747,43.17779554143747,154.35776
-78.69612167254976,43.17657358856229,187.25314
-78.63465360016588,43.175318638376766,128.18134
-78.51172957139941,43.172709769628725,191.60234
-79.49497061628493,43.2123874198442,74.580215
-79.46420365142171,43.21197844007744,74.50067
-79.43343733800926,43.21156118947594,74.649055
-79.40267168907275,43.21113566852688,74.515594
-79.37190671763555,43.210701877727026,74.69142
-79.34114243671932,43.21025981758282,74.66078
-79.31037885934374,43.2098094886103,74.534966
-79.27961599852672,43.209350891335156,74.65422
-79.24885386728414,43.20888402629271,74.64103
-79.21809247863004,43.20840889402789,89.42876
-79.12581289830825,43.20693389949304,94.01919
-79.09505461010751,43.20642570398065,94.32511
-79.06429712953462,43.20590924411494,77.10589
-79.03354046959113,43.205384520498576,97.86363
-78.94127554351921,43.203760773316354,102.812065
-78.91052229606419,43.20320300091623,111.8596
-78.8797699342126,43.202636967922906,115.2076
-78.84901847095227,43.20206267499671,118.17267
-78.78751829214474,43.20088931203488,117.117165
-78.75676960256104,43.20029024336787,118.72461
-78.72602186349559,43.19968291750518,116.87031
-78.69527508792385,43.19906733515509,160.74188
-78.66452928881874,43.198443497035484,113.286125
-78.63378447915053,43.19781140387381,110.27298
-79.49441679986806,43.23489147958623,74.63375
-79.46363852421,43.234482179961375,74.45304
-79.43286090089431,43.23406460303769,74.59018
-79.40208394296403,43.233638749302926,74.519615
-79.37130766346031,43.233204619254565,74.62478
-79.34053207542256,43.232762213399674,74.54131
-79.30975719188831,43.23231153225501,74.600266
-79.27898302589318,43.23185257634694,74.54863
-79.24820959047089,43.23138534621149,74.56291
-79.21743689865319,43.23090984239433,74.70049
-79.18666496346985,43.23042606545075,74.67281
-79.1558937979486,43.2299340159457,90.58073
-79.1251234151151,43.22943369445374,91.83014
-79.09435382799293,43.22892510155907,91.911705
-79.06358504960356,43.228408237855525,76.54332
-78.9712836970138,43.22680802797439,96.95521
-78.94051828372609,43.2262580871662,96.36126
-78.90975374424518,43.225699878662674,98.76574
-78.87899009157897,43.22513340311537,106.41291
-78.81746549871052,43.22397565354379,110.23486
-79.46307274465556,43.256985825035706,74.62258
-79.43228379839368,43.25656792155202,74.603584
-79.4014955184284,43.256141734789104,74.641304
-79.37070791781878,43.255707265245036,74.58222
-79.33992100962202,43.25526451342762,74.54365
-79.30913480689341,43.25481347985425,74.55785
-79.27834932268648,43.254354165051986,74.58602
-79.24756457005269,43.2538865695576,74.56287
-79.21678056204165,43.25341069391745,74.615746
-79.18599731170087,43.25292653868758,74.57964
-79.15521483207593,43.252434104433675,74.56939
-79.12443313621026,43.251933391731065,80.18961
-79.09365223714522,43.25142440116471,83.89464
-79.06287214792006,43.250907133329264,73.446976
-79.03209288157181,43.25038158882895,93.29288
-78.93976015012578,43.24875530152603,93.14207
-78.90898430561104,43.24819665660161,95.75298
-79.46250631186504,43.27948937528758,74.57339
-79.43170602959613,43.27907114500579,74.581154
-79.40090641453686,43.27864462497186,74.55648
-79.3701074797641,43.27820981568456,74.53545
-79.33930923835295,43.27776671765234,74.5474
-79.30851170337657,43.27731533139329,74.55128
-79.27771488790627,43.276855657435206,74.537
-79.24691880501143,43.2763876963155,74.72495
-79.21612346775946,43.275911448581304,74.504654
-79.18532888921574,43.27542691478939,74.61013
-79.15453508244363,43.27493409550618,74.573746
-79.12374206050441,43.274432991307776,74.5096
-79.09294983645731,43.273923602779924,74.58071
-79.06215842335929,43.273405930518,74.56161
-79.46193922494327,43.301992830704265,74.560684
-79.43112759358866,43.301574273385846,74.449265
-79.40031663035847,43.30114741983768,74.53554
-79.36950634834753,43.30071227055921,74.51299
-79.33869676064879,43.30026882605956,74.54404
-79.3078878803533,43.299817086857495,74.529945
-79.27707972055029,43.2993570534815,74.587944
-79.246272294327,43.298888726469734,74.52865
-79.21546561476869,43.29841210637002,74.544235
-79.18465969495865,43.29792719373988,74.5757
-79.46137148299336,43.32449619127299,74.53885
-79.43054848945641,43.324077306679065,74.47523
-79.39972616496054,43.32365011937309,74.43398
-79.36890452261845,43.32321462985515,74.59186
-79.33808357554102,43.32277083863502,74.59049
